[
  {
    "id": 1,
    "name": "4K OLED Smart TV",
    "description": "Experience stunning picture quality and smart features with this 4K OLED TV.",
    "price": 1499.99,
    "imageUrl": "https://amstradworld.com/wp-content/uploads/2023/12/Amstrad-AM65UWGTA-WebOS-TV_front.jpg",
    "videoUrl": "https://example.com/videos/4k-oled-smart-tv-demo.mp4",
    "createdAt": "2023-01-10T09:00:00Z",
    "updatedAt": "2023-06-15T14:30:00Z",
    "stockQuantity": 5,
    "categoryId": 1,
    "category": {
      "id": 1,
      "name": "Electronics"
    },
    "variants": [
      {
        "id": 101,
        "sku": "TV-OLED-55",
        "name": "55 inch",
        "price": 1499.99
      },
      {
        "id": 102,
        "sku": "TV-OLED-65",
        "name": "65 inch",
        "price": 1999.99
      }
    ],
    "images": [
      {
        "id": 1001,
        "url": "https://amstradworld.com/wp-content/uploads/2023/12/Amstrad-AM65UWGTA-WebOS-TV_front.jpg",
        "alt": "4K OLED Smart TV - Front View"
      },
      {
        "id": 1002,
        "url": "https://m.media-amazon.com/images/I/51EXj4BRQaL.jpg",
        "alt": "4K OLED Smart TV - Angle View"
      },
      {
        "id": 1003,
        "url": "https://amstradworld.com/wp-content/uploads/2023/12/Amstrad-AM65UWGTA-WebOS-TV_front.jpg",
        "alt": "4K OLED Smart TV - Remote Control"
      }
    ],
    "specifications": {
      "brand": "TechVision",
      "model": "OLED-5500X",
      "screenSize": "55 inches",
      "resolution": "3840 x 2160 (4K)",
      "hdrSupport": ["HDR10", "Dolby Vision"],
      "refreshRate": "120Hz",
      "smartFeatures": ["Voice Control", "App Store", "Screen Mirroring"],
      "connectivity": ["Wi-Fi 6", "Bluetooth 5.0", "HDMI 2.1 x 4", "USB 3.0 x 3"],
      "audioOutput": "40W (2.1 Channel)",
      "dimensions": "122.8 x 70.6 x 2.3 cm",
      "weight": "16.8 kg"
    },
    "sellerCompany": "ElectroHub Inc."
  },
  {
    "id": 2,
    "name": "Wireless Noise-Cancelling Headphones",
    "description": "Immerse yourself in your music with these premium wireless noise-cancelling headphones.",
    "price": 299.99,
    "stockQuantity": 15,
    "imageUrl": "https://m.media-amazon.com/images/I/51EXj4BRQaL.jpg",
    "videoUrl": "https://example.com/videos/wireless-headphones-demo.mp4",
    "createdAt": "2023-02-05T11:30:00Z",
    "updatedAt": "2023-06-20T16:45:00Z",
    "categoryId": 1,
    "category": {
      "id": 1,
      "name": "Electronics"
    },
    "variants": [
      {
        "id": 201,
        "sku": "WH-NC-BLK",
        "name": "Black",
        "price": 299.99
      },
      {
        "id": 202,
        "sku": "WH-NC-WHT",
        "name": "White",
        "price": 299.99
      },
      {
        "id": 203,
        "sku": "WH-NC-NAVY",
        "name": "Navy Blue",
        "price": 309.99
      }
    ],
    "images": [
      {
        "id": 2001,
        "url": "https://m.media-amazon.com/images/I/51EXj4BRQaL.jpg",
        "alt": "Wireless Noise-Cancelling Headphones - Front View"
      },
      {
        "id": 2002,
        "url": "https://m.media-amazon.com/images/I/51EXj4BRQaL.jpg",
        "alt": "Wireless Noise-Cancelling Headphones - Side View"
      },
      {
        "id": 2003,
        "url": "https://m.media-amazon.com/images/I/51EXj4BRQaL.jpg",
        "alt": "Wireless Noise-Cancelling Headphones - Folded"
      }
    ],
    "specifications": {
      "brand": "SoundMaster",
      "model": "WH-1000XM5",
      "type": "Over-ear",
      "wireless": true,
      "noiseCancelling": true,
      "battery": "Up to 30 hours",
      "driver": "40mm",
      "frequency": "4Hz-40,000Hz",
      "bluetooth": "5.2",
      "weight": "250g",
      "additionalFeatures": ["Touch controls", "Adaptive sound control", "Multipoint connection"]
    },
    "sellerCompany": "AudioTech Co."
  },
  {
    "id": 3,
    "name": "Classic Leather Jacket",
    "description": "A timeless leather jacket that combines style and durability for a classic look.",
    "price": 249.99,
    "stockQuantity": 5,
    "imageUrl": "https://hnscraftsmanship.com/wp-content/uploads/2024/05/CLASSIC-LEATHER-JACKET-003-%E2%80%93-BLACK.jpg",
    "videoUrl": null,
    "createdAt": "2023-03-15T13:45:00Z",
    "updatedAt": "2023-06-25T10:20:00Z",
    "categoryId": 2,
    "category": {
      "id": 2,
      "name": "Apparel"
    },
    "variants": [
      {
        "id": 301,
        "sku": "LJ-CL-S-BLK",
        "name": "Small - Black",
        "price": 249.99
      },
      {
        "id": 302,
        "sku": "LJ-CL-M-BLK",
        "name": "Medium - Black",
        "price": 249.99
      },
      {
        "id": 303,
        "sku": "LJ-CL-L-BLK",
        "name": "Large - Black",
        "price": 249.99
      },
      {
        "id": 304,
        "sku": "LJ-CL-XL-BLK",
        "name": "X-Large - Black",
        "price": 269.99
      }
    ],
    "images": [
      {
        "id": 3001,
        "url": "https://hnscraftsmanship.com/wp-content/uploads/2024/05/CLASSIC-LEATHER-JACKET-003-%E2%80%93-BLACK.jpg",
        "alt": "Classic Leather Jacket - Front View"
      },
      {
        "id": 3002,
        "url": "https://hnscraftsmanship.com/wp-content/uploads/2024/05/CLASSIC-LEATHER-JACKET-003-%E2%80%93-BLACK.jpg",
        "alt": "Classic Leather Jacket - Back View"
      },
      {
        "id": 3003,
        "url": "https://hnscraftsmanship.com/wp-content/uploads/2024/05/CLASSIC-LEATHER-JACKET-003-%E2%80%93-BLACK.jpg",
        "alt": "Classic Leather Jacket - Detail View"
      }
    ],
    "specifications": {
      "material": "100% Genuine Leather",
      "lining": "100% Polyester",
      "closure": "YKK Zipper",
      "pockets": "2 side pockets, 1 inner pocket",
      "fit": "Regular fit",
      "care": "Professional leather clean only",
      "origin": "Made in Italy"
    },
    "sellerCompany": "UrbanStyle Apparel"
  },
  {
    "id": 4,
    "name": "Smart Fitness Watch",
    "description": "Track your fitness goals with this feature-packed smart fitness watch.",
    "price": 199.99,
    "stockQuantity": 52,
    "imageUrl": "https://5.imimg.com/data5/ANDROID/Default/2022/8/IU/QR/QN/148827935/product-jpeg-500x500.jpg",
    "videoUrl": "https://example.com/videos/smart-fitness-watch-features.mp4",
    "createdAt": "2023-04-20T08:15:00Z",
    "updatedAt": "2023-06-30T11:50:00Z",
    "categoryId": 1,
    "category": {
      "id": 1,
      "name": "Electronics"
    },
    "variants": [
      {
        "id": 401,
        "sku": "SFW-BLK",
        "name": "Black",
        "price": 199.99
      },
      {
        "id": 402,
        "sku": "SFW-SLVR",
        "name": "Silver",
        "price": 199.99
      },
      {
        "id": 403,
        "sku": "SFW-ROSE",
        "name": "Rose Gold",
        "price": 209.99
      }
    ],
    "images": [
      {
        "id": 4001,
        "url": "https://5.imimg.com/data5/ANDROID/Default/2022/8/IU/QR/QN/148827935/product-jpeg-500x500.jpg",
        "alt": "Smart Fitness Watch - Front View"
      },
      {
        "id": 4002,
        "url": "https://5.imimg.com/data5/ANDROID/Default/2022/8/IU/QR/QN/148827935/product-jpeg-500x500.jpg",
        "alt": "Smart Fitness Watch - Side View"
      },
      {
        "id": 4003,
        "url": "https://5.imimg.com/data5/ANDROID/Default/2022/8/IU/QR/QN/148827935/product-jpeg-500x500.jpg",
        "alt": "Smart Fitness Watch - App Interface"
      }
    ],
    "specifications": {
      "brand": "FitTech",
      "model": "ProActive 2000",
      "display": "1.4 inch AMOLED",
      "resolution": "454 x 454 pixels",
      "waterResistance": "5 ATM",
      "sensors": ["Heart rate", "GPS", "Accelerometer", "Gyroscope", "Altimeter"],
      "battery": "Up to 14 days",
      "compatibility": "iOS 11.0+ / Android 6.0+",
      "connectivity": ["Bluetooth 5.0", "Wi-Fi"],
      "features": ["24/7 heart rate monitoring", "Sleep tracking", "50+ sport modes", "Blood oxygen monitoring"]
    },
    "sellerCompany": "FitTech Innovations"
  },
  {
    "id": 5,
    "name": "Designer Tote Bag",
    "description": "A stylish and spacious tote bag perfect for work or weekend outings.",
    "price": 129.99,
    "stockQuantity": 25,
    "imageUrl": "https://i.pinimg.com/736x/08/44/0d/08440d16139a5600db51676c7196ec91.jpg",
    "videoUrl": null,
    "createdAt": "2023-05-05T10:00:00Z",
    "updatedAt": "2023-07-01T09:30:00Z",
    "categoryId": 3,
    "category": {
      "id": 3,
      "name": "Fashion"
    },
    "variants": [
      {
        "id": 501,
        "sku": "DTB-TAN",
        "name": "Tan",
        "price": 129.99
      },
      {
        "id": 502,
        "sku": "DTB-BLK",
        "name": "Black",
        "price": 129.99
      },
      {
        "id": 503,
        "sku": "DTB-NVY",
        "name": "Navy",
        "price": 129.99
      }
    ],
    "images": [
      {
        "id": 5001,
        "url": "https://i.pinimg.com/736x/08/44/0d/08440d16139a5600db51676c7196ec91.jpg",
        "alt": "Designer Tote Bag - Front View"
      },
      {
        "id": 5002,
        "url": "https://i.pinimg.com/736x/08/44/0d/08440d16139a5600db51676c7196ec91.jpg",
        "alt": "Designer Tote Bag - Inside View"
      },
      {
        "id": 5003,
        "url": "https://i.pinimg.com/736x/08/44/0d/08440d16139a5600db51676c7196ec91.jpg",
        "alt": "Designer Tote Bag - Worn"
      }
    ],
    "specifications": {
      "material": "Full-grain leather",
      "dimensions": "40cm x 30cm x 15cm",
      "handle": "Double top handles, 25cm drop",
      "closure": "Top zip closure",
      "interior": "Fabric lining, 1 zip pocket, 2 slip pockets",
      "exterior": "1 front slip pocket",
      "hardware": "Gold-tone",
      "care": "Wipe clean with a soft, dry cloth"
    },
    "sellerCompany": "LuxeStyle Accessories"
  }
]

