{
  "hash": "71139e62",
  "configHash": "d697ed9e",
  "lockfileHash": "446bf30f",
  "browserHash": "5a557278",
  "optimized": {
    "@angular/common": {
      "src": "../../../../../../node_modules/@angular/common/fesm2022/common.mjs",
      "file": "@angular_common.js",
      "fileHash": "faf1f376",
      "needsInterop": false
    },
    "@angular/common/http": {
      "src": "../../../../../../node_modules/@angular/common/fesm2022/http.mjs",
      "file": "@angular_common_http.js",
      "fileHash": "37141996",
      "needsInterop": false
    },
    "@angular/core": {
      "src": "../../../../../../node_modules/@angular/core/fesm2022/core.mjs",
      "file": "@angular_core.js",
      "fileHash": "61bda4d8",
      "needsInterop": false
    },
    "@angular/forms": {
      "src": "../../../../../../node_modules/@angular/forms/fesm2022/forms.mjs",
      "file": "@angular_forms.js",
      "fileHash": "6f394e34",
      "needsInterop": false
    },
    "@angular/platform-browser": {
      "src": "../../../../../../node_modules/@angular/platform-browser/fesm2022/platform-browser.mjs",
      "file": "@angular_platform-browser.js",
      "fileHash": "07a81576",
      "needsInterop": false
    },
    "@angular/router": {
      "src": "../../../../../../node_modules/@angular/router/fesm2022/router.mjs",
      "file": "@angular_router.js",
      "fileHash": "29747df9",
      "needsInterop": false
    },
    "rxjs": {
      "src": "../../../../../../node_modules/rxjs/dist/esm5/index.js",
      "file": "rxjs.js",
      "fileHash": "c9cfd333",
      "needsInterop": false
    }
  },
  "chunks": {
    "chunk-PZZ2NGLG": {
      "file": "chunk-PZZ2NGLG.js"
    },
    "chunk-64J4W3RQ": {
      "file": "chunk-64J4W3RQ.js"
    },
    "chunk-G3UUT7UE": {
      "file": "chunk-G3UUT7UE.js"
    },
    "chunk-2XYG76NS": {
      "file": "chunk-2XYG76NS.js"
    },
    "chunk-5TID76VL": {
      "file": "chunk-5TID76VL.js"
    }
  }
}