{
    "languages": [
      { "code": "as", "name": "Assamese" },
      { "code": "bn", "name": "Bengali" },
      { "code": "brx", "name": "Bodo" },
      { "code": "doi", "name": "Dogri" },
      { "code": "gu", "name": "Gujarati" },
      { "code": "hi", "name": "Hindi" },
      { "code": "kn", "name": "Kannada" },
      { "code": "ks", "name": "Kashmiri" },
      { "code": "gom", "name": "Konkani" },
      { "code": "mai", "name": "Maithili" },
      { "code": "ml", "name": "Malayalam" },
      { "code": "mni", "name": "Manipuri" },
      { "code": "mr", "name": "Marathi" },
      { "code": "ne", "name": "Nepali" },
      { "code": "or", "name": "Odia" },
      { "code": "pa", "name": "Punjabi" },
      { "code": "sa", "name": "Sanskrit" },
      { "code": "sd", "name": "Sindhi" },
      { "code": "ta", "name": "Tamil" },
      { "code": "te", "name": "Telugu" },
      { "code": "ur", "name": "Urdu" },
      { "code": "hne", "name": "Chhattisgarhi" },
      { "code": "bho", "name": "Bhojpuri" }
    ]
  }
  