[
        {
            "id": 1,
            "url": "https://example.com/images/1_20.jpg",
            "productId": 1
        },
        {
            "id": 2,
            "url": "https://example.com/images/1_95.jpg",
            "productId": 1
        },
        {
            "id": 3,
            "url": "https://example.com/images/2_1.jpg",
            "productId": 2
        },
        {
            "id": 4,
            "url": "https://example.com/images/3_48.jpg",
            "productId": 3
        },
        {
            "id": 5,
            "url": "https://example.com/images/4_70.jpg",
            "productId": 4
        },
        {
            "id": 6,
            "url": "https://example.com/images/5_39.jpg",
            "productId": 5
        },
        {
            "id": 7,
            "url": "https://example.com/images/5_80.jpg",
            "productId": 5
        },
        {
            "id": 8,
            "url": "https://example.com/images/5_84.jpg",
            "productId": 5
        },
        {
            "id": 9,
            "url": "https://example.com/images/6_38.jpg",
            "productId": 6
        },
        {
            "id": 10,
            "url": "https://example.com/images/6_34.jpg",
            "productId": 6
        },
        {
            "id": 11,
            "url": "https://example.com/images/7_62.jpg",
            "productId": 7
        },
        {
            "id": 12,
            "url": "https://example.com/images/7_99.jpg",
            "productId": 7
        },
        {
            "id": 13,
            "url": "https://example.com/images/7_52.jpg",
            "productId": 7
        },
        {
            "id": 14,
            "url": "https://example.com/images/8_55.jpg",
            "productId": 8
        },
        {
            "id": 15,
            "url": "https://example.com/images/9_56.jpg",
            "productId": 9
        },
        {
            "id": 16,
            "url": "https://example.com/images/9_8.jpg",
            "productId": 9
        },
        {
            "id": 17,
            "url": "https://example.com/images/10_80.jpg",
            "productId": 10
        },
        {
            "id": 18,
            "url": "https://example.com/images/11_24.jpg",
            "productId": 11
        },
        {
            "id": 19,
            "url": "https://example.com/images/11_86.jpg",
            "productId": 11
        },
        {
            "id": 20,
            "url": "https://example.com/images/11_87.jpg",
            "productId": 11
        },
        {
            "id": 21,
            "url": "https://example.com/images/12_20.jpg",
            "productId": 12
        },
        {
            "id": 22,
            "url": "https://example.com/images/12_80.jpg",
            "productId": 12
        },
        {
            "id": 23,
            "url": "https://example.com/images/13_49.jpg",
            "productId": 13
        },
        {
            "id": 24,
            "url": "https://example.com/images/14_4.jpg",
            "productId": 14
        },
        {
            "id": 25,
            "url": "https://example.com/images/15_55.jpg",
            "productId": 15
        },
        {
            "id": 26,
            "url": "https://example.com/images/15_94.jpg",
            "productId": 15
        },
        {
            "id": 27,
            "url": "https://example.com/images/15_85.jpg",
            "productId": 15
        },
        {
            "id": 28,
            "url": "https://example.com/images/16_98.jpg",
            "productId": 16
        },
        {
            "id": 29,
            "url": "https://example.com/images/16_55.jpg",
            "productId": 16
        },
        {
            "id": 30,
            "url": "https://example.com/images/17_5.jpg",
            "productId": 17
        },
        {
            "id": 31,
            "url": "https://example.com/images/18_20.jpg",
            "productId": 18
        },
        {
            "id": 32,
            "url": "https://example.com/images/18_25.jpg",
            "productId": 18
        },
        {
            "id": 33,
            "url": "https://example.com/images/19_87.jpg",
            "productId": 19
        },
        {
            "id": 34,
            "url": "https://example.com/images/19_62.jpg",
            "productId": 19
        },
        {
            "id": 35,
            "url": "https://example.com/images/19_49.jpg",
            "productId": 19
        },
        {
            "id": 36,
            "url": "https://example.com/images/20_73.jpg",
            "productId": 20
        },
        {
            "id": 37,
            "url": "https://example.com/images/20_51.jpg",
            "productId": 20
        },
        {
            "id": 38,
            "url": "https://example.com/images/20_93.jpg",
            "productId": 20
        },
        {
            "id": 39,
            "url": "https://example.com/images/21_5.jpg",
            "productId": 21
        },
        {
            "id": 40,
            "url": "https://example.com/images/22_60.jpg",
            "productId": 22
        },
        {
            "id": 41,
            "url": "https://example.com/images/22_18.jpg",
            "productId": 22
        },
        {
            "id": 42,
            "url": "https://example.com/images/22_98.jpg",
            "productId": 22
        },
        {
            "id": 43,
            "url": "https://example.com/images/23_26.jpg",
            "productId": 23
        },
        {
            "id": 44,
            "url": "https://example.com/images/23_91.jpg",
            "productId": 23
        },
        {
            "id": 45,
            "url": "https://example.com/images/23_99.jpg",
            "productId": 23
        },
        {
            "id": 46,
            "url": "https://example.com/images/24_43.jpg",
            "productId": 24
        },
        {
            "id": 47,
            "url": "https://example.com/images/24_33.jpg",
            "productId": 24
        },
        {
            "id": 48,
            "url": "https://example.com/images/25_69.jpg",
            "productId": 25
        },
        {
            "id": 49,
            "url": "https://example.com/images/25_78.jpg",
            "productId": 25
        },
        {
            "id": 50,
            "url": "https://example.com/images/26_38.jpg",
            "productId": 26
        },
        {
            "id": 51,
            "url": "https://example.com/images/26_58.jpg",
            "productId": 26
        },
        {
            "id": 52,
            "url": "https://example.com/images/26_1.jpg",
            "productId": 26
        },
        {
            "id": 53,
            "url": "https://example.com/images/27_53.jpg",
            "productId": 27
        },
        {
            "id": 54,
            "url": "https://example.com/images/28_31.jpg",
            "productId": 28
        },
        {
            "id": 55,
            "url": "https://example.com/images/28_25.jpg",
            "productId": 28
        },
        {
            "id": 56,
            "url": "https://example.com/images/29_83.jpg",
            "productId": 29
        },
        {
            "id": 57,
            "url": "https://example.com/images/30_82.jpg",
            "productId": 30
        },
        {
            "id": 58,
            "url": "https://example.com/images/30_88.jpg",
            "productId": 30
        },
        {
            "id": 59,
            "url": "https://example.com/images/30_87.jpg",
            "productId": 30
        },
        {
            "id": 60,
            "url": "https://example.com/images/31_88.jpg",
            "productId": 31
        },
        {
            "id": 61,
            "url": "https://example.com/images/32_41.jpg",
            "productId": 32
        },
        {
            "id": 62,
            "url": "https://example.com/images/32_30.jpg",
            "productId": 32
        },
        {
            "id": 63,
            "url": "https://example.com/images/32_3.jpg",
            "productId": 32
        },
        {
            "id": 64,
            "url": "https://example.com/images/33_21.jpg",
            "productId": 33
        },
        {
            "id": 65,
            "url": "https://example.com/images/34_97.jpg",
            "productId": 34
        },
        {
            "id": 66,
            "url": "https://example.com/images/35_37.jpg",
            "productId": 35
        },
        {
            "id": 67,
            "url": "https://example.com/images/35_41.jpg",
            "productId": 35
        },
        {
            "id": 68,
            "url": "https://example.com/images/35_73.jpg",
            "productId": 35
        },
        {
            "id": 69,
            "url": "https://example.com/images/36_95.jpg",
            "productId": 36
        },
        {
            "id": 70,
            "url": "https://example.com/images/37_95.jpg",
            "productId": 37
        },
        {
            "id": 71,
            "url": "https://example.com/images/38_82.jpg",
            "productId": 38
        },
        {
            "id": 72,
            "url": "https://example.com/images/38_61.jpg",
            "productId": 38
        },
        {
            "id": 73,
            "url": "https://example.com/images/38_8.jpg",
            "productId": 38
        },
        {
            "id": 74,
            "url": "https://example.com/images/39_23.jpg",
            "productId": 39
        },
        {
            "id": 75,
            "url": "https://example.com/images/40_85.jpg",
            "productId": 40
        },
        {
            "id": 76,
            "url": "https://example.com/images/40_47.jpg",
            "productId": 40
        },
        {
            "id": 77,
            "url": "https://example.com/images/41_48.jpg",
            "productId": 41
        },
        {
            "id": 78,
            "url": "https://example.com/images/41_12.jpg",
            "productId": 41
        },
        {
            "id": 79,
            "url": "https://example.com/images/42_23.jpg",
            "productId": 42
        },
        {
            "id": 80,
            "url": "https://example.com/images/43_87.jpg",
            "productId": 43
        },
        {
            "id": 81,
            "url": "https://example.com/images/43_54.jpg",
            "productId": 43
        },
        {
            "id": 82,
            "url": "https://example.com/images/44_55.jpg",
            "productId": 44
        },
        {
            "id": 83,
            "url": "https://example.com/images/45_23.jpg",
            "productId": 45
        },
        {
            "id": 84,
            "url": "https://example.com/images/45_68.jpg",
            "productId": 45
        },
        {
            "id": 85,
            "url": "https://example.com/images/45_3.jpg",
            "productId": 45
        },
        {
            "id": 86,
            "url": "https://example.com/images/46_61.jpg",
            "productId": 46
        },
        {
            "id": 87,
            "url": "https://example.com/images/47_2.jpg",
            "productId": 47
        },
        {
            "id": 88,
            "url": "https://example.com/images/48_89.jpg",
            "productId": 48
        },
        {
            "id": 89,
            "url": "https://example.com/images/48_53.jpg",
            "productId": 48
        },
        {
            "id": 90,
            "url": "https://example.com/images/48_83.jpg",
            "productId": 48
        },
        {
            "id": 91,
            "url": "https://example.com/images/49_45.jpg",
            "productId": 49
        },
        {
            "id": 92,
            "url": "https://example.com/images/50_68.jpg",
            "productId": 50
        },
        {
            "id": 93,
            "url": "https://example.com/images/50_11.jpg",
            "productId": 50
        },
        {
            "id": 94,
            "url": "https://example.com/images/50_98.jpg",
            "productId": 50
        },
        {
            "id": 95,
            "url": "https://example.com/images/51_31.jpg",
            "productId": 51
        },
        {
            "id": 96,
            "url": "https://example.com/images/51_27.jpg",
            "productId": 51
        },
        {
            "id": 97,
            "url": "https://example.com/images/51_63.jpg",
            "productId": 51
        },
        {
            "id": 98,
            "url": "https://example.com/images/52_56.jpg",
            "productId": 52
        },
        {
            "id": 99,
            "url": "https://example.com/images/53_37.jpg",
            "productId": 53
        },
        {
            "id": 100,
            "url": "https://example.com/images/53_1.jpg",
            "productId": 53
        },
        {
            "id": 101,
            "url": "https://example.com/images/54_72.jpg",
            "productId": 54
        },
        {
            "id": 102,
            "url": "https://example.com/images/54_81.jpg",
            "productId": 54
        },
        {
            "id": 103,
            "url": "https://example.com/images/55_77.jpg",
            "productId": 55
        },
        {
            "id": 104,
            "url": "https://example.com/images/55_83.jpg",
            "productId": 55
        },
        {
            "id": 105,
            "url": "https://example.com/images/56_83.jpg",
            "productId": 56
        },
        {
            "id": 106,
            "url": "https://example.com/images/56_68.jpg",
            "productId": 56
        },
        {
            "id": 107,
            "url": "https://example.com/images/57_67.jpg",
            "productId": 57
        },
        {
            "id": 108,
            "url": "https://example.com/images/57_22.jpg",
            "productId": 57
        },
        {
            "id": 109,
            "url": "https://example.com/images/57_73.jpg",
            "productId": 57
        },
        {
            "id": 110,
            "url": "https://example.com/images/58_18.jpg",
            "productId": 58
        },
        {
            "id": 111,
            "url": "https://example.com/images/58_63.jpg",
            "productId": 58
        },
        {
            "id": 112,
            "url": "https://example.com/images/59_40.jpg",
            "productId": 59
        },
        {
            "id": 113,
            "url": "https://example.com/images/59_24.jpg",
            "productId": 59
        },
        {
            "id": 114,
            "url": "https://example.com/images/60_96.jpg",
            "productId": 60
        },
        {
            "id": 115,
            "url": "https://example.com/images/61_52.jpg",
            "productId": 61
        },
        {
            "id": 116,
            "url": "https://example.com/images/62_27.jpg",
            "productId": 62
        },
        {
            "id": 117,
            "url": "https://example.com/images/62_20.jpg",
            "productId": 62
        },
        {
            "id": 118,
            "url": "https://example.com/images/62_62.jpg",
            "productId": 62
        },
        {
            "id": 119,
            "url": "https://example.com/images/63_68.jpg",
            "productId": 63
        },
        {
            "id": 120,
            "url": "https://example.com/images/63_13.jpg",
            "productId": 63
        },
        {
            "id": 121,
            "url": "https://example.com/images/64_73.jpg",
            "productId": 64
        },
        {
            "id": 122,
            "url": "https://example.com/images/64_41.jpg",
            "productId": 64
        },
        {
            "id": 123,
            "url": "https://example.com/images/65_49.jpg",
            "productId": 65
        },
        {
            "id": 124,
            "url": "https://example.com/images/66_88.jpg",
            "productId": 66
        },
        {
            "id": 125,
            "url": "https://example.com/images/66_89.jpg",
            "productId": 66
        },
        {
            "id": 126,
            "url": "https://example.com/images/67_32.jpg",
            "productId": 67
        },
        {
            "id": 127,
            "url": "https://example.com/images/67_47.jpg",
            "productId": 67
        },
        {
            "id": 128,
            "url": "https://example.com/images/68_71.jpg",
            "productId": 68
        },
        {
            "id": 129,
            "url": "https://example.com/images/68_89.jpg",
            "productId": 68
        },
        {
            "id": 130,
            "url": "https://example.com/images/68_21.jpg",
            "productId": 68
        },
        {
            "id": 131,
            "url": "https://example.com/images/69_72.jpg",
            "productId": 69
        },
        {
            "id": 132,
            "url": "https://example.com/images/69_89.jpg",
            "productId": 69
        },
        {
            "id": 133,
            "url": "https://example.com/images/70_23.jpg",
            "productId": 70
        },
        {
            "id": 134,
            "url": "https://example.com/images/70_40.jpg",
            "productId": 70
        },
        {
            "id": 135,
            "url": "https://example.com/images/70_29.jpg",
            "productId": 70
        },
        {
            "id": 136,
            "url": "https://example.com/images/71_91.jpg",
            "productId": 71
        },
        {
            "id": 137,
            "url": "https://example.com/images/72_80.jpg",
            "productId": 72
        },
        {
            "id": 138,
            "url": "https://example.com/images/72_7.jpg",
            "productId": 72
        },
        {
            "id": 139,
            "url": "https://example.com/images/72_81.jpg",
            "productId": 72
        },
        {
            "id": 140,
            "url": "https://example.com/images/73_18.jpg",
            "productId": 73
        },
        {
            "id": 141,
            "url": "https://example.com/images/73_34.jpg",
            "productId": 73
        },
        {
            "id": 142,
            "url": "https://example.com/images/73_21.jpg",
            "productId": 73
        },
        {
            "id": 143,
            "url": "https://example.com/images/74_48.jpg",
            "productId": 74
        },
        {
            "id": 144,
            "url": "https://example.com/images/75_21.jpg",
            "productId": 75
        },
        {
            "id": 145,
            "url": "https://example.com/images/75_79.jpg",
            "productId": 75
        },
        {
            "id": 146,
            "url": "https://example.com/images/75_85.jpg",
            "productId": 75
        },
        {
            "id": 147,
            "url": "https://example.com/images/76_89.jpg",
            "productId": 76
        },
        {
            "id": 148,
            "url": "https://example.com/images/76_17.jpg",
            "productId": 76
        },
        {
            "id": 149,
            "url": "https://example.com/images/76_11.jpg",
            "productId": 76
        },
        {
            "id": 150,
            "url": "https://example.com/images/77_56.jpg",
            "productId": 77
        },
        {
            "id": 151,
            "url": "https://example.com/images/77_41.jpg",
            "productId": 77
        },
        {
            "id": 152,
            "url": "https://example.com/images/77_81.jpg",
            "productId": 77
        },
        {
            "id": 153,
            "url": "https://example.com/images/78_45.jpg",
            "productId": 78
        },
        {
            "id": 154,
            "url": "https://example.com/images/78_20.jpg",
            "productId": 78
        },
        {
            "id": 155,
            "url": "https://example.com/images/79_17.jpg",
            "productId": 79
        },
        {
            "id": 156,
            "url": "https://example.com/images/79_95.jpg",
            "productId": 79
        },
        {
            "id": 157,
            "url": "https://example.com/images/80_21.jpg",
            "productId": 80
        },
        {
            "id": 158,
            "url": "https://example.com/images/80_100.jpg",
            "productId": 80
        },
        {
            "id": 159,
            "url": "https://example.com/images/80_76.jpg",
            "productId": 80
        },
        {
            "id": 160,
            "url": "https://example.com/images/81_60.jpg",
            "productId": 81
        },
        {
            "id": 161,
            "url": "https://example.com/images/81_11.jpg",
            "productId": 81
        },
        {
            "id": 162,
            "url": "https://example.com/images/82_48.jpg",
            "productId": 82
        },
        {
            "id": 163,
            "url": "https://example.com/images/82_34.jpg",
            "productId": 82
        },
        {
            "id": 164,
            "url": "https://example.com/images/83_51.jpg",
            "productId": 83
        },
        {
            "id": 165,
            "url": "https://example.com/images/84_49.jpg",
            "productId": 84
        },
        {
            "id": 166,
            "url": "https://example.com/images/84_21.jpg",
            "productId": 84
        },
        {
            "id": 167,
            "url": "https://example.com/images/85_4.jpg",
            "productId": 85
        },
        {
            "id": 168,
            "url": "https://example.com/images/86_26.jpg",
            "productId": 86
        },
        {
            "id": 169,
            "url": "https://example.com/images/86_91.jpg",
            "productId": 86
        },
        {
            "id": 170,
            "url": "https://example.com/images/86_100.jpg",
            "productId": 86
        },
        {
            "id": 171,
            "url": "https://example.com/images/87_11.jpg",
            "productId": 87
        },
        {
            "id": 172,
            "url": "https://example.com/images/88_37.jpg",
            "productId": 88
        },
        {
            "id": 173,
            "url": "https://example.com/images/89_28.jpg",
            "productId": 89
        },
        {
            "id": 174,
            "url": "https://example.com/images/89_65.jpg",
            "productId": 89
        },
        {
            "id": 175,
            "url": "https://example.com/images/90_10.jpg",
            "productId": 90
        },
        {
            "id": 176,
            "url": "https://example.com/images/90_12.jpg",
            "productId": 90
        },
        {
            "id": 177,
            "url": "https://example.com/images/91_36.jpg",
            "productId": 91
        },
        {
            "id": 178,
            "url": "https://example.com/images/91_94.jpg",
            "productId": 91
        },
        {
            "id": 179,
            "url": "https://example.com/images/92_34.jpg",
            "productId": 92
        },
        {
            "id": 180,
            "url": "https://example.com/images/93_74.jpg",
            "productId": 93
        },
        {
            "id": 181,
            "url": "https://example.com/images/93_61.jpg",
            "productId": 93
        },
        {
            "id": 182,
            "url": "https://example.com/images/94_90.jpg",
            "productId": 94
        },
        {
            "id": 183,
            "url": "https://example.com/images/94_53.jpg",
            "productId": 94
        },
        {
            "id": 184,
            "url": "https://example.com/images/94_8.jpg",
            "productId": 94
        },
        {
            "id": 185,
            "url": "https://example.com/images/95_10.jpg",
            "productId": 95
        },
        {
            "id": 186,
            "url": "https://example.com/images/95_40.jpg",
            "productId": 95
        },
        {
            "id": 187,
            "url": "https://example.com/images/95_25.jpg",
            "productId": 95
        },
        {
            "id": 188,
            "url": "https://example.com/images/96_62.jpg",
            "productId": 96
        },
        {
            "id": 189,
            "url": "https://example.com/images/96_68.jpg",
            "productId": 96
        },
        {
            "id": 190,
            "url": "https://example.com/images/97_58.jpg",
            "productId": 97
        },
        {
            "id": 191,
            "url": "https://example.com/images/97_50.jpg",
            "productId": 97
        },
        {
            "id": 192,
            "url": "https://example.com/images/98_70.jpg",
            "productId": 98
        },
        {
            "id": 193,
            "url": "https://example.com/images/98_97.jpg",
            "productId": 98
        },
        {
            "id": 194,
            "url": "https://example.com/images/99_38.jpg",
            "productId": 99
        },
        {
            "id": 195,
            "url": "https://example.com/images/99_66.jpg",
            "productId": 99
        },
        {
            "id": 196,
            "url": "https://example.com/images/100_99.jpg",
            "productId": 100
        },
        {
            "id": 197,
            "url": "https://example.com/images/100_20.jpg",
            "productId": 100
        }
    ]
