[
        {
            "id": 1,
            "productId": 1,
            "reviewerName": "User7535",
            "reviewText": "Excellent yoga mat! Highly recommend.",
            "rating": 2,
            "createdAt": "2025-01-04T15:58:12Z"
        },
        {
            "id": 2,
            "productId": 3,
            "reviewerName": "User6861",
            "reviewText": "Excellent fiction book! Highly recommend.",
            "rating": 4,
            "createdAt": "2025-01-04T15:58:12Z"
        }, 
        {
            "id": 3,
            "productId": 4,
            "reviewerName": "User1748",
            "reviewText": "Excellent science book! Highly recommend.",
            "rating": 2,
            "createdAt": "2025-01-04T15:58:12Z"
        },
        {
            "id": 4,
            "productId": 5,
            "reviewerName": "User1974",
            "reviewText": "Excellent headphones! Highly recommend.",
            "rating": 5,
            "createdAt": "2025-01-04T15:58:12Z"
        },
        {
            "id": 5,
            "productId": 5,
            "reviewerName": "User5994",
            "reviewText": "Excellent headphones! Highly recommend.",
            "rating": 4,
            "createdAt": "2025-01-04T15:58:12Z"
        },
        {
            "id": 6,
            "productId": 6,
            "reviewerName": "User5884",
            "reviewText": "Excellent lamp! Highly recommend.",
            "rating": 2,
            "createdAt": "2025-01-04T15:58:12Z"
        },
        {
            "id": 7,
            "productId": 6,
            "reviewerName": "User2231",
            "reviewText": "Excellent lamp! Highly recommend.",
            "rating": 5,
            "createdAt": "2025-01-04T15:58:12Z"
        },
        {
            "id": 8,
            "productId": 6,
            "reviewerName": "User5316",
            "reviewText": "Excellent lamp! Highly recommend.",
            "rating": 4,
            "createdAt": "2025-01-04T15:58:12Z"
        },
        {
            "id": 9,
            "productId": 9,
            "reviewerName": "User4119",
            "reviewText": "Excellent t-shirt! Highly recommend.",
            "rating": 2,
            "createdAt": "2025-01-04T15:58:12Z"
        },
        {
            "id": 10,
            "productId": 11,
            "reviewerName": "User1075",
            "reviewText": "Excellent yoga mat! Highly recommend.",
            "rating": 3,
            "createdAt": "2025-01-04T15:58:12Z"
        },
        {
            "id": 11,
            "productId": 12,
            "reviewerName": "User8631",
            "reviewText": "Excellent shoes! Highly recommend.",
            "rating": 1,
            "createdAt": "2025-01-04T15:58:12Z"
        },
        {
            "id": 12,
            "productId": 13,
            "reviewerName": "User8585",
            "reviewText": "Excellent fiction book! Highly recommend.",
            "rating": 1,
            "createdAt": "2025-01-04T15:58:12Z"
        },
        {
            "id": 13,
            "productId": 13,
            "reviewerName": "User5697",
            "reviewText": "Excellent fiction book! Highly recommend.",
            "rating": 3,
            "createdAt": "2025-01-04T15:58:12Z"
        },
        {
            "id": 14,
            "productId": 14,
            "reviewerName": "User6502",
            "reviewText": "Excellent fiction book! Highly recommend.",
            "rating": 3,
            "createdAt": "2025-01-04T15:58:12Z"
        },
        {
            "id": 15,
            "productId": 15,
            "reviewerName": "User8153",
            "reviewText": "Excellent lamp! Highly recommend.",
            "rating": 4,
            "createdAt": "2025-01-04T15:58:12Z"
        },
        {
            "id": 16,
            "productId": 15,
            "reviewerName": "User6242",
            "reviewText": "Excellent lamp! Highly recommend.",
            "rating": 5,
            "createdAt": "2025-01-04T15:58:12Z"
        },
        {
            "id": 17,
            "productId": 16,
            "reviewerName": "User5890",
            "reviewText": "Excellent jeans! Highly recommend.",
            "rating": 1,
            "createdAt": "2025-01-04T15:58:12Z"
        },
        {
            "id": 18,
            "productId": 16,
            "reviewerName": "User5854",
            "reviewText": "Excellent jeans! Highly recommend.",
            "rating": 3,
            "createdAt": "2025-01-04T15:58:12Z"
        },
        {
            "id": 19,
            "productId": 18,
            "reviewerName": "User3624",
            "reviewText": "Excellent cooking pot! Highly recommend.",
            "rating": 1,
            "createdAt": "2025-01-04T15:58:12Z"
        },
        {
            "id": 20,
            "productId": 20,
            "reviewerName": "User1617",
            "reviewText": "Excellent smartphone! Highly recommend.",
            "rating": 5,
            "createdAt": "2025-01-04T15:58:12Z"
        },
        {
            "id": 21,
            "productId": 20,
            "reviewerName": "User2814",
            "reviewText": "Excellent smartphone! Highly recommend.",
            "rating": 4,
            "createdAt": "2025-01-04T15:58:12Z"
        },
        {
            "id": 22,
            "productId": 21,
            "reviewerName": "User8097",
            "reviewText": "Excellent sofa! Highly recommend.",
            "rating": 5,
            "createdAt": "2025-01-04T15:58:12Z"
        },
        {
            "id": 23,
            "productId": 21,
            "reviewerName": "User7467",
            "reviewText": "Excellent sofa! Highly recommend.",
            "rating": 4,
            "createdAt": "2025-01-04T15:58:12Z"
        },
        {
            "id": 24,
            "productId": 22,
            "reviewerName": "User5036",
            "reviewText": "Excellent t-shirt! Highly recommend.",
            "rating": 2,
            "createdAt": "2025-01-04T15:58:12Z"
        },
        {
            "id": 25,
            "productId": 25,
            "reviewerName": "User3564",
            "reviewText": "Excellent cooking pot! Highly recommend.",
            "rating": 5,
            "createdAt": "2025-01-04T15:58:12Z"
        },
        {
            "id": 26,
            "productId": 26,
            "reviewerName": "User8278",
            "reviewText": "Excellent lamp! Highly recommend.",
            "rating": 2,
            "createdAt": "2025-01-04T15:58:12Z"
        },
        {
            "id": 27,
            "productId": 28,
            "reviewerName": "User2159",
            "reviewText": "Excellent shoes! Highly recommend.",
            "rating": 5,
            "createdAt": "2025-01-04T15:58:12Z"
        },
        {
            "id": 28,
            "productId": 28,
            "reviewerName": "User4053",
            "reviewText": "Excellent shoes! Highly recommend.",
            "rating": 5,
            "createdAt": "2025-01-04T15:58:12Z"
        },
        {
            "id": 29,
            "productId": 30,
            "reviewerName": "User2373",
            "reviewText": "Excellent laptop! Highly recommend.",
            "rating": 1,
            "createdAt": "2025-01-04T15:58:12Z"
        },
        {
            "id": 30,
            "productId": 30,
            "reviewerName": "User7724",
            "reviewText": "Excellent laptop! Highly recommend.",
            "rating": 5,
            "createdAt": "2025-01-04T15:58:12Z"
        },
        {
            "id": 31,
            "productId": 30,
            "reviewerName": "User4197",
            "reviewText": "Excellent laptop! Highly recommend.",
            "rating": 1,
            "createdAt": "2025-01-04T15:58:12Z"
        },
        {
            "id": 32,
            "productId": 33,
            "reviewerName": "User2288",
            "reviewText": "Excellent chair! Highly recommend.",
            "rating": 5,
            "createdAt": "2025-01-04T15:58:12Z"
        },
        {
            "id": 33,
            "productId": 35,
            "reviewerName": "User3315",
            "reviewText": "Excellent smartphone! Highly recommend.",
            "rating": 1,
            "createdAt": "2025-01-04T15:58:12Z"
        },
        {
            "id": 34,
            "productId": 36,
            "reviewerName": "User7531",
            "reviewText": "Excellent yoga mat! Highly recommend.",
            "rating": 1,
            "createdAt": "2025-01-04T15:58:12Z"
        },
        {
            "id": 35,
            "productId": 36,
            "reviewerName": "User1164",
            "reviewText": "Excellent yoga mat! Highly recommend.",
            "rating": 5,
            "createdAt": "2025-01-04T15:58:12Z"
        },
        {
            "id": 36,
            "productId": 37,
            "reviewerName": "User1237",
            "reviewText": "Excellent sofa! Highly recommend.",
            "rating": 2,
            "createdAt": "2025-01-04T15:58:12Z"
        },
        {
            "id": 37,
            "productId": 37,
            "reviewerName": "User7809",
            "reviewText": "Excellent sofa! Highly recommend.",
            "rating": 2,
            "createdAt": "2025-01-04T15:58:12Z"
        },
        {
            "id": 38,
            "productId": 37,
            "reviewerName": "User2958",
            "reviewText": "Excellent sofa! Highly recommend.",
            "rating": 3,
            "createdAt": "2025-01-04T15:58:12Z"
        },
        {
            "id": 39,
            "productId": 38,
            "reviewerName": "User1680",
            "reviewText": "Excellent cooking pot! Highly recommend.",
            "rating": 3,
            "createdAt": "2025-01-04T15:58:12Z"
        },
        {
            "id": 40,
            "productId": 38,
            "reviewerName": "User7795",
            "reviewText": "Excellent cooking pot! Highly recommend.",
            "rating": 5,
            "createdAt": "2025-01-04T15:58:12Z"
        },
        {
            "id": 41,
            "productId": 38,
            "reviewerName": "User9545",
            "reviewText": "Excellent cooking pot! Highly recommend.",
            "rating": 3,
            "createdAt": "2025-01-04T15:58:12Z"
        },
        {
            "id": 42,
            "productId": 41,
            "reviewerName": "User2640",
            "reviewText": "Excellent jeans! Highly recommend.",
            "rating": 3,
            "createdAt": "2025-01-04T15:58:12Z"
        },
        {
            "id": 43,
            "productId": 41,
            "reviewerName": "User5819",
            "reviewText": "Excellent jeans! Highly recommend.",
            "rating": 3,
            "createdAt": "2025-01-04T15:58:12Z"
        },
        {
            "id": 44,
            "productId": 41,
            "reviewerName": "User6199",
            "reviewText": "Excellent jeans! Highly recommend.",
            "rating": 5,
            "createdAt": "2025-01-04T15:58:12Z"
        },
        {
            "id": 45,
            "productId": 42,
            "reviewerName": "User3983",
            "reviewText": "Excellent lamp! Highly recommend.",
            "rating": 1,
            "createdAt": "2025-01-04T15:58:12Z"
        },
        {
            "id": 46,
            "productId": 42,
            "reviewerName": "User7019",
            "reviewText": "Excellent lamp! Highly recommend.",
            "rating": 4,
            "createdAt": "2025-01-04T15:58:12Z"
        },
        {
            "id": 47,
            "productId": 43,
            "reviewerName": "User5914",
            "reviewText": "Excellent fiction book! Highly recommend.",
            "rating": 3,
            "createdAt": "2025-01-04T15:58:12Z"
        },
        {
            "id": 48,
            "productId": 44,
            "reviewerName": "User4489",
            "reviewText": "Excellent cooking pot! Highly recommend.",
            "rating": 4,
            "createdAt": "2025-01-04T15:58:12Z"
        },
        {
            "id": 49,
            "productId": 44,
            "reviewerName": "User3941",
            "reviewText": "Excellent cooking pot! Highly recommend.",
            "rating": 2,
            "createdAt": "2025-01-04T15:58:12Z"
        },
        {
            "id": 50,
            "productId": 45,
            "reviewerName": "User4092",
            "reviewText": "Excellent shoes! Highly recommend.",
            "rating": 1,
            "createdAt": "2025-01-04T15:58:12Z"
        },
        {
            "id": 51,
            "productId": 45,
            "reviewerName": "User3036",
            "reviewText": "Excellent shoes! Highly recommend.",
            "rating": 2,
            "createdAt": "2025-01-04T15:58:12Z"
        },
        {
            "id": 52,
            "productId": 45,
            "reviewerName": "User9638",
            "reviewText": "Excellent shoes! Highly recommend.",
            "rating": 1,
            "createdAt": "2025-01-04T15:58:12Z"
        },
        {
            "id": 53,
            "productId": 46,
            "reviewerName": "User1438",
            "reviewText": "Excellent dumbbells! Highly recommend.",
            "rating": 2,
            "createdAt": "2025-01-04T15:58:12Z"
        },
        {
            "id": 54,
            "productId": 46,
            "reviewerName": "User7140",
            "reviewText": "Excellent dumbbells! Highly recommend.",
            "rating": 2,
            "createdAt": "2025-01-04T15:58:12Z"
        },
        {
            "id": 55,
            "productId": 46,
            "reviewerName": "User8582",
            "reviewText": "Excellent dumbbells! Highly recommend.",
            "rating": 5,
            "createdAt": "2025-01-04T15:58:12Z"
        },
        {
            "id": 56,
            "productId": 47,
            "reviewerName": "User3796",
            "reviewText": "Excellent chair! Highly recommend.",
            "rating": 3,
            "createdAt": "2025-01-04T15:58:12Z"
        },
        {
            "id": 57,
            "productId": 47,
            "reviewerName": "User2969",
            "reviewText": "Excellent chair! Highly recommend.",
            "rating": 1,
            "createdAt": "2025-01-04T15:58:12Z"
        },
        {
            "id": 58,
            "productId": 47,
            "reviewerName": "User2925",
            "reviewText": "Excellent chair! Highly recommend.",
            "rating": 5,
            "createdAt": "2025-01-04T15:58:12Z"
        },
        {
            "id": 59,
            "productId": 48,
            "reviewerName": "User4452",
            "reviewText": "Excellent dumbbells! Highly recommend.",
            "rating": 5,
            "createdAt": "2025-01-04T15:58:12Z"
        },
        {
            "id": 60,
            "productId": 48,
            "reviewerName": "User3595",
            "reviewText": "Excellent dumbbells! Highly recommend.",
            "rating": 4,
            "createdAt": "2025-01-04T15:58:12Z"
        },
        {
            "id": 61,
            "productId": 48,
            "reviewerName": "User9847",
            "reviewText": "Excellent dumbbells! Highly recommend.",
            "rating": 4,
            "createdAt": "2025-01-04T15:58:12Z"
        },
        {
            "id": 62,
            "productId": 49,
            "reviewerName": "User3434",
            "reviewText": "Excellent smartphone! Highly recommend.",
            "rating": 5,
            "createdAt": "2025-01-04T15:58:12Z"
        },
        {
            "id": 63,
            "productId": 49,
            "reviewerName": "User5389",
            "reviewText": "Excellent smartphone! Highly recommend.",
            "rating": 4,
            "createdAt": "2025-01-04T15:58:12Z"
        },
        {
            "id": 64,
            "productId": 49,
            "reviewerName": "User8363",
            "reviewText": "Excellent smartphone! Highly recommend.",
            "rating": 2,
            "createdAt": "2025-01-04T15:58:12Z"
        },
        {
            "id": 65,
            "productId": 51,
            "reviewerName": "User4016",
            "reviewText": "Excellent smartphone! Highly recommend.",
            "rating": 5,
            "createdAt": "2025-01-04T15:58:12Z"
        },
        {
            "id": 66,
            "productId": 55,
            "reviewerName": "User6050",
            "reviewText": "Excellent fiction book! Highly recommend.",
            "rating": 3,
            "createdAt": "2025-01-04T15:58:12Z"
        },
        {
            "id": 67,
            "productId": 55,
            "reviewerName": "User8147",
            "reviewText": "Excellent fiction book! Highly recommend.",
            "rating": 5,
            "createdAt": "2025-01-04T15:58:12Z"
        },
        {
            "id": 68,
            "productId": 56,
            "reviewerName": "User5663",
            "reviewText": "Excellent table! Highly recommend.",
            "rating": 1,
            "createdAt": "2025-01-04T15:58:12Z"
        },
        {
            "id": 69,
            "productId": 56,
            "reviewerName": "User6663",
            "reviewText": "Excellent table! Highly recommend.",
            "rating": 2,
            "createdAt": "2025-01-04T15:58:12Z"
        },
        {
            "id": 70,
            "productId": 57,
            "reviewerName": "User3508",
            "reviewText": "Excellent smartphone! Highly recommend.",
            "rating": 1,
            "createdAt": "2025-01-04T15:58:12Z"
        },
        {
            "id": 71,
            "productId": 57,
            "reviewerName": "User3092",
            "reviewText": "Excellent smartphone! Highly recommend.",
            "rating": 5,
            "createdAt": "2025-01-04T15:58:12Z"
        },
        {
            "id": 72,
            "productId": 58,
            "reviewerName": "User2693",
            "reviewText": "Excellent headphones! Highly recommend.",
            "rating": 3,
            "createdAt": "2025-01-04T15:58:12Z"
        },
        {
            "id": 73,
            "productId": 58,
            "reviewerName": "User4232",
            "reviewText": "Excellent headphones! Highly recommend.",
            "rating": 1,
            "createdAt": "2025-01-04T15:58:12Z"
        },
        {
            "id": 74,
            "productId": 59,
            "reviewerName": "User5514",
            "reviewText": "Excellent cooking pot! Highly recommend.",
            "rating": 3,
            "createdAt": "2025-01-04T15:58:12Z"
        },
        {
            "id": 75,
            "productId": 61,
            "reviewerName": "User3643",
            "reviewText": "Excellent dumbbells! Highly recommend.",
            "rating": 2,
            "createdAt": "2025-01-04T15:58:12Z"
        },
        {
            "id": 76,
            "productId": 61,
            "reviewerName": "User5925",
            "reviewText": "Excellent dumbbells! Highly recommend.",
            "rating": 3,
            "createdAt": "2025-01-04T15:58:12Z"
        },
        {
            "id": 77,
            "productId": 62,
            "reviewerName": "User3671",
            "reviewText": "Excellent chair! Highly recommend.",
            "rating": 4,
            "createdAt": "2025-01-04T15:58:12Z"
        },
        {
            "id": 78,
            "productId": 62,
            "reviewerName": "User6574",
            "reviewText": "Excellent chair! Highly recommend.",
            "rating": 4,
            "createdAt": "2025-01-04T15:58:12Z"
        },
        {
            "id": 79,
            "productId": 64,
            "reviewerName": "User8590",
            "reviewText": "Excellent shoes! Highly recommend.",
            "rating": 2,
            "createdAt": "2025-01-04T15:58:12Z"
        },
        {
            "id": 80,
            "productId": 65,
            "reviewerName": "User9154",
            "reviewText": "Excellent t-shirt! Highly recommend.",
            "rating": 3,
            "createdAt": "2025-01-04T15:58:12Z"
        },
        {
            "id": 81,
            "productId": 65,
            "reviewerName": "User7573",
            "reviewText": "Excellent t-shirt! Highly recommend.",
            "rating": 4,
            "createdAt": "2025-01-04T15:58:12Z"
        },
        {
            "id": 82,
            "productId": 66,
            "reviewerName": "User1774",
            "reviewText": "Excellent laptop! Highly recommend.",
            "rating": 5,
            "createdAt": "2025-01-04T15:58:12Z"
        },
        {
            "id": 83,
            "productId": 66,
            "reviewerName": "User8703",
            "reviewText": "Excellent laptop! Highly recommend.",
            "rating": 1,
            "createdAt": "2025-01-04T15:58:12Z"
        },
        {
            "id": 84,
            "productId": 66,
            "reviewerName": "User5064",
            "reviewText": "Excellent laptop! Highly recommend.",
            "rating": 4,
            "createdAt": "2025-01-04T15:58:12Z"
        },
        {
            "id": 85,
            "productId": 67,
            "reviewerName": "User3294",
            "reviewText": "Excellent lamp! Highly recommend.",
            "rating": 2,
            "createdAt": "2025-01-04T15:58:12Z"
        },
        {
            "id": 86,
            "productId": 69,
            "reviewerName": "User9839",
            "reviewText": "Excellent table! Highly recommend.",
            "rating": 3,
            "createdAt": "2025-01-04T15:58:12Z"
        },
        {
            "id": 87,
            "productId": 69,
            "reviewerName": "User8674",
            "reviewText": "Excellent table! Highly recommend.",
            "rating": 2,
            "createdAt": "2025-01-04T15:58:12Z"
        },
        {
            "id": 88,
            "productId": 70,
            "reviewerName": "User9438",
            "reviewText": "Excellent dumbbells! Highly recommend.",
            "rating": 1,
            "createdAt": "2025-01-04T15:58:12Z"
        },
        {
            "id": 89,
            "productId": 70,
            "reviewerName": "User4043",
            "reviewText": "Excellent dumbbells! Highly recommend.",
            "rating": 3,
            "createdAt": "2025-01-04T15:58:12Z"
        },
        {
            "id": 90,
            "productId": 71,
            "reviewerName": "User3385",
            "reviewText": "Excellent laptop! Highly recommend.",
            "rating": 1,
            "createdAt": "2025-01-04T15:58:12Z"
        },
        {
            "id": 91,
            "productId": 71,
            "reviewerName": "User7533",
            "reviewText": "Excellent laptop! Highly recommend.",
            "rating": 5,
            "createdAt": "2025-01-04T15:58:12Z"
        },
        {
            "id": 92,
            "productId": 72,
            "reviewerName": "User1440",
            "reviewText": "Excellent yoga mat! Highly recommend.",
            "rating": 4,
            "createdAt": "2025-01-04T15:58:12Z"
        },
        {
            "id": 93,
            "productId": 72,
            "reviewerName": "User2693",
            "reviewText": "Excellent yoga mat! Highly recommend.",
            "rating": 1,
            "createdAt": "2025-01-04T15:58:12Z"
        },
        {
            "id": 94,
            "productId": 72,
            "reviewerName": "User5895",
            "reviewText": "Excellent yoga mat! Highly recommend.",
            "rating": 2,
            "createdAt": "2025-01-04T15:58:12Z"
        },
        {
            "id": 95,
            "productId": 73,
            "reviewerName": "User8269",
            "reviewText": "Excellent jeans! Highly recommend.",
            "rating": 4,
            "createdAt": "2025-01-04T15:58:12Z"
        },
        {
            "id": 96,
            "productId": 73,
            "reviewerName": "User2461",
            "reviewText": "Excellent jeans! Highly recommend.",
            "rating": 5,
            "createdAt": "2025-01-04T15:58:12Z"
        },
        {
            "id": 97,
            "productId": 73,
            "reviewerName": "User6792",
            "reviewText": "Excellent jeans! Highly recommend.",
            "rating": 1,
            "createdAt": "2025-01-04T15:58:12Z"
        },
        {
            "id": 98,
            "productId": 74,
            "reviewerName": "User3421",
            "reviewText": "Excellent backpack! Highly recommend.",
            "rating": 2,
            "createdAt": "2025-01-04T15:58:12Z"
        },
        {
            "id": 99,
            "productId": 74,
            "reviewerName": "User3688",
            "reviewText": "Excellent backpack! Highly recommend.",
            "rating": 3,
            "createdAt": "2025-01-04T15:58:12Z"
        },
        {
            "id": 100,
            "productId": 74,
            "reviewerName": "User4787",
            "reviewText": "Excellent backpack! Highly recommend.",
            "rating": 3,
            "createdAt": "2025-01-04T15:58:12Z"
        },
        {
            "id": 101,
            "productId": 76,
            "reviewerName": "User8109",
            "reviewText": "Excellent laptop! Highly recommend.",
            "rating": 2,
            "createdAt": "2025-01-04T15:58:12Z"
        },
        {
            "id": 102,
            "productId": 78,
            "reviewerName": "User2296",
            "reviewText": "Excellent smartphone! Highly recommend.",
            "rating": 2,
            "createdAt": "2025-01-04T15:58:12Z"
        },
        {
            "id": 103,
            "productId": 78,
            "reviewerName": "User9221",
            "reviewText": "Excellent smartphone! Highly recommend.",
            "rating": 4,
            "createdAt": "2025-01-04T15:58:12Z"
        },
        {
            "id": 104,
            "productId": 79,
            "reviewerName": "User6375",
            "reviewText": "Excellent headphones! Highly recommend.",
            "rating": 4,
            "createdAt": "2025-01-04T15:58:12Z"
        },
        {
            "id": 105,
            "productId": 80,
            "reviewerName": "User5232",
            "reviewText": "Excellent jeans! Highly recommend.",
            "rating": 2,
            "createdAt": "2025-01-04T15:58:12Z"
        },
        {
            "id": 106,
            "productId": 80,
            "reviewerName": "User3993",
            "reviewText": "Excellent jeans! Highly recommend.",
            "rating": 2,
            "createdAt": "2025-01-04T15:58:12Z"
        },
        {
            "id": 107,
            "productId": 81,
            "reviewerName": "User9492",
            "reviewText": "Excellent laptop! Highly recommend.",
            "rating": 4,
            "createdAt": "2025-01-04T15:58:12Z"
        },
        {
            "id": 108,
            "productId": 82,
            "reviewerName": "User1355",
            "reviewText": "Excellent shoes! Highly recommend.",
            "rating": 5,
            "createdAt": "2025-01-04T15:58:12Z"
        },
        {
            "id": 109,
            "productId": 82,
            "reviewerName": "User8641",
            "reviewText": "Excellent shoes! Highly recommend.",
            "rating": 1,
            "createdAt": "2025-01-04T15:58:12Z"
        },
        {
            "id": 110,
            "productId": 82,
            "reviewerName": "User9954",
            "reviewText": "Excellent shoes! Highly recommend.",
            "rating": 4,
            "createdAt": "2025-01-04T15:58:12Z"
        },
        {
            "id": 111,
            "productId": 83,
            "reviewerName": "User6528",
            "reviewText": "Excellent dumbbells! Highly recommend.",
            "rating": 2,
            "createdAt": "2025-01-04T15:58:12Z"
        },
        {
            "id": 112,
            "productId": 83,
            "reviewerName": "User2238",
            "reviewText": "Excellent dumbbells! Highly recommend.",
            "rating": 5,
            "createdAt": "2025-01-04T15:58:12Z"
        },
        {
            "id": 113,
            "productId": 83,
            "reviewerName": "User3862",
            "reviewText": "Excellent dumbbells! Highly recommend.",
            "rating": 2,
            "createdAt": "2025-01-04T15:58:12Z"
        },
        {
            "id": 114,
            "productId": 84,
            "reviewerName": "User4831",
            "reviewText": "Excellent shoes! Highly recommend.",
            "rating": 3,
            "createdAt": "2025-01-04T15:58:12Z"
        },
        {
            "id": 115,
            "productId": 85,
            "reviewerName": "User8967",
            "reviewText": "Excellent sofa! Highly recommend.",
            "rating": 1,
            "createdAt": "2025-01-04T15:58:12Z"
        },
        {
            "id": 116,
            "productId": 85,
            "reviewerName": "User9276",
            "reviewText": "Excellent sofa! Highly recommend.",
            "rating": 4,
            "createdAt": "2025-01-04T15:58:12Z"
        },
        {
            "id": 117,
            "productId": 86,
            "reviewerName": "User3820",
            "reviewText": "Excellent jeans! Highly recommend.",
            "rating": 4,
            "createdAt": "2025-01-04T15:58:12Z"
        },
        {
            "id": 118,
            "productId": 86,
            "reviewerName": "User2814",
            "reviewText": "Excellent jeans! Highly recommend.",
            "rating": 4,
            "createdAt": "2025-01-04T15:58:12Z"
        },
        {
            "id": 119,
            "productId": 86,
            "reviewerName": "User2926",
            "reviewText": "Excellent jeans! Highly recommend.",
            "rating": 3,
            "createdAt": "2025-01-04T15:58:12Z"
        },
        {
            "id": 120,
            "productId": 88,
            "reviewerName": "User7903",
            "reviewText": "Excellent headphones! Highly recommend.",
            "rating": 2,
            "createdAt": "2025-01-04T15:58:12Z"
        },
        {
            "id": 121,
            "productId": 89,
            "reviewerName": "User4273",
            "reviewText": "Excellent cooking pot! Highly recommend.",
            "rating": 1,
            "createdAt": "2025-01-04T15:58:12Z"
        },
        {
            "id": 122,
            "productId": 89,
            "reviewerName": "User7913",
            "reviewText": "Excellent cooking pot! Highly recommend.",
            "rating": 5,
            "createdAt": "2025-01-04T15:58:12Z"
        },
        {
            "id": 123,
            "productId": 90,
            "reviewerName": "User4362",
            "reviewText": "Excellent yoga mat! Highly recommend.",
            "rating": 4,
            "createdAt": "2025-01-04T15:58:12Z"
        },
        {
            "id": 124,
            "productId": 90,
            "reviewerName": "User1894",
            "reviewText": "Excellent yoga mat! Highly recommend.",
            "rating": 1,
            "createdAt": "2025-01-04T15:58:12Z"
        },
        {
            "id": 125,
            "productId": 90,
            "reviewerName": "User8994",
            "reviewText": "Excellent yoga mat! Highly recommend.",
            "rating": 2,
            "createdAt": "2025-01-04T15:58:12Z"
        },
        {
            "id": 126,
            "productId": 91,
            "reviewerName": "User1417",
            "reviewText": "Excellent cooking pot! Highly recommend.",
            "rating": 2,
            "createdAt": "2025-01-04T15:58:12Z"
        },
        {
            "id": 127,
            "productId": 93,
            "reviewerName": "User6016",
            "reviewText": "Excellent chair! Highly recommend.",
            "rating": 5,
            "createdAt": "2025-01-04T15:58:12Z"
        },
        {
            "id": 128,
            "productId": 93,
            "reviewerName": "User5670",
            "reviewText": "Excellent chair! Highly recommend.",
            "rating": 2,
            "createdAt": "2025-01-04T15:58:12Z"
        },
        {
            "id": 129,
            "productId": 93,
            "reviewerName": "User7351",
            "reviewText": "Excellent chair! Highly recommend.",
            "rating": 5,
            "createdAt": "2025-01-04T15:58:12Z"
        },
        {
            "id": 130,
            "productId": 94,
            "reviewerName": "User3712",
            "reviewText": "Excellent backpack! Highly recommend.",
            "rating": 3,
            "createdAt": "2025-01-04T15:58:12Z"
        },
        {
            "id": 131,
            "productId": 96,
            "reviewerName": "User5084",
            "reviewText": "Excellent cooking pot! Highly recommend.",
            "rating": 2,
            "createdAt": "2025-01-04T15:58:12Z"
        },
        {
            "id": 132,
            "productId": 97,
            "reviewerName": "User6656",
            "reviewText": "Excellent dumbbells! Highly recommend.",
            "rating": 5,
            "createdAt": "2025-01-04T15:58:12Z"
        },
        {
            "id": 133,
            "productId": 98,
            "reviewerName": "User7999",
            "reviewText": "Excellent sofa! Highly recommend.",
            "rating": 5,
            "createdAt": "2025-01-04T15:58:12Z"
        },
        {
            "id": 134,
            "productId": 98,
            "reviewerName": "User3267",
            "reviewText": "Excellent sofa! Highly recommend.",
            "rating": 3,
            "createdAt": "2025-01-04T15:58:12Z"
        },
        {
            "id": 135,
            "productId": 99,
            "reviewerName": "User3714",
            "reviewText": "Excellent smartphone! Highly recommend.",
            "rating": 5,
            "createdAt": "2025-01-04T15:58:12Z"
        },
        {
            "id": 136,
            "productId": 99,
            "reviewerName": "User8201",
            "reviewText": "Excellent smartphone! Highly recommend.",
            "rating": 5,
            "createdAt": "2025-01-04T15:58:12Z"
        },
        {
            "id": 137,
            "productId": 100,
            "reviewerName": "User4943",
            "reviewText": "Excellent fitness tracker! Highly recommend.",
            "rating": 3,
            "createdAt": "2025-01-04T15:58:12Z"
        },
        {
            "id": 138,
            "productId": 100,
            "reviewerName": "User8791",
            "reviewText": "Excellent fitness tracker! Highly recommend.",
            "rating": 4,
            "createdAt": "2025-01-04T15:58:12Z"
        },
        {
            "id": 139,
            "productId": 100,
            "reviewerName": "User2234",
            "reviewText": "Excellent fitness tracker! Highly recommend.",
            "rating": 1,
            "createdAt": "2025-01-04T15:58:12Z"
        }
    ]
